{
  "trades": [
    {
      "id": "trade_1769702475.875953",
      "timestamp_open": "2026-01-29T11:01:15.875953",
      "features": {
        "ema_21": 5432.991330337012,
        "ema_50": 5422.757953910203,
        "atr": 61.45645835409082,
        "adx": 29.732898963434625,
        "rsi": 22.237224569827703,
        "macd": -51.52965580237742,
        "macd_signal": -6.22976825890738,
        "momentum": -0.059230897527936754,
        "price_to_ema21": -0.04485030722879828,
        "price_to_ema50": -0.04304782841024227,
        "ema_diff": 0.0018871165768021454,
        "bb_position": -0.08308369694718483,
        "volume_change": -0.9340437788018433
      },
      "signal": 1,
      "confidence": 0.7,
      "market_state": {
        "trend": "uptrend",
        "volatility": "high",
        "strength": "strong",
        "rsi": 22.237224569827703,
        "adx": 29.732898963434625,
        "atr": 61.45645835409082
      },
      "strategy": "price_action",
      "status": "closed",
      "trailing_params": {
        "enabled": true,
        "activation_pips": 30,
        "distance_pips": 20,
        "mode": "manual"
      },
      "breakeven_params": {
        "enabled": true,
        "activation_pips": 40,
        "safety_pips": 5,
        "mode": "manual"
      },
      "lot_params": {
        "lot_size": 0.02,
        "sl_pips": 35,
        "tp_pips": 90
      },
      "htf_bias": {
        "status": "approved",
        "analysis": {
          "approved": true,
          "direction": "buy",
          "higher_tf_votes": {
            "bullish": 3,
            "bearish": 0,
            "neutral": 0
          },
          "lower_tf_votes": {
            "bullish": 1,
            "bearish": 0,
            "neutral": 1
          },
          "timeframes_detail": {
            "M30": {
              "bias": "neutral",
              "strength": 0.13498882830668082,
              "indicators": {
                "ema_21": 5432.991791226714,
                "ema_50": 5423.080920206376,
                "ema_100": 5347.907501419358,
                "adx": 29.74651054534258,
                "rsi": 22.23289430535347,
                "macd": -51.53333185789779,
                "ema_score": 0.07310140612809447,
                "macd_score": -0.3,
                "total_score": -0.13498882830668082
              }
            },
            "H1": {
              "bias": "bullish",
              "strength": 0.3579273064922532,
              "indicators": {
                "ema_21": 5421.276334538495,
                "ema_50": 5340.040318297062,
                "ema_100": 5227.276437234913,
                "adx": 44.74091331153164,
                "rsi": 28.21608736908209,
                "macd": 4.452760586542354,
                "ema_score": 0.4,
                "macd_score": 0,
                "total_score": 0.3579273064922532
              }
            },
            "H4": {
              "bias": "bullish",
              "strength": 0.6863509074524866,
              "cached": true
            },
            "D1": {
              "bias": "bullish",
              "strength": 0.7,
              "cached": true
            },
            "W1": {
              "bias": "bullish",
              "strength": 0.7,
              "cached": true
            }
          },
          "required_higher": 2,
          "required_lower": 1
        },
        "enabled": true
      },
      "timestamp_close": "2026-01-29T11:02:36.446415",
      "result": "win",
      "profit": 53.0,
      "duration_minutes": 1.3428410333333334,
      "trailing_triggered": true,
      "breakeven_triggered": false,
      "correct_prediction": true
    },
    {
      "id": "trade_1769703699.26652",
      "timestamp_open": "2026-01-29T11:21:39.266520",
      "features": {
        "ema_21": 5439.237693973376,
        "ema_50": 5425.452463714124,
        "atr": 67.34002978266224,
        "adx": 29.237152221610817,
        "rsi": 31.824049195114213,
        "macd": -46.04851620123827,
        "macd_signal": -5.133540338679549,
        "momentum": -0.04677449764686259,
        "price_to_ema21": -0.03331490627338322,
        "price_to_ema50": -0.030858709911082905,
        "ema_diff": 0.0025408443538024964,
        "bb_position": 0.022344992804076105,
        "volume_change": 0.5446428571428572
      },
      "signal": 1,
      "confidence": 0.6499999999999999,
      "market_state": {
        "trend": "uptrend",
        "volatility": "high",
        "strength": "strong",
        "rsi": 31.824049195114213,
        "adx": 29.237152221610817,
        "atr": 67.34002978266224
      },
      "strategy": "price_action",
      "status": "closed",
      "trailing_params": {
        "enabled": true,
        "activation_pips": 30,
        "distance_pips": 20,
        "mode": "manual"
      },
      "breakeven_params": {
        "enabled": true,
        "activation_pips": 40,
        "safety_pips": 5,
        "mode": "manual"
      },
      "lot_params": {
        "lot_size": 0.02,
        "sl_pips": 35,
        "tp_pips": 90
      },
      "htf_bias": {
        "status": "approved",
        "analysis": {
          "approved": true,
          "direction": "buy",
          "higher_tf_votes": {
            "bullish": 3,
            "bearish": 0,
            "neutral": 0
          },
          "lower_tf_votes": {
            "bullish": 1,
            "bearish": 0,
            "neutral": 1
          },
          "timeframes_detail": {
            "M30": {
              "bias": "neutral",
              "strength": 0.1171991534969828,
              "cached": true
            },
            "H1": {
              "bias": "bullish",
              "strength": 0.3579273064922532,
              "cached": true
            },
            "H4": {
              "bias": "bullish",
              "strength": 0.3648204006070249,
              "cached": true
            },
            "D1": {
              "bias": "bullish",
              "strength": 0.7,
              "cached": true
            },
            "W1": {
              "bias": "bullish",
              "strength": 0.7,
              "cached": true
            }
          },
          "required_higher": 2,
          "required_lower": 1
        },
        "enabled": true
      },
      "timestamp_close": "2026-01-29T11:21:48.534832",
      "result": "loss",
      "profit": -3.84,
      "duration_minutes": 0.15445528333333333,
      "trailing_triggered": true,
      "breakeven_triggered": false,
      "correct_prediction": false
    },
    {
      "id": "trade_1769708162.838738",
      "timestamp_open": "2026-01-29T12:36:02.838738",
      "features": {
        "ema_21": 5414.302313019758,
        "ema_50": 5415.610784912605,
        "atr": 68.78144072607034,
        "adx": 31.499930489240736,
        "rsi": 43.71006421985256,
        "macd": -47.58402551002291,
        "macd_signal": -26.36072798562761,
        "momentum": -0.03230976611061309,
        "price_to_ema21": -0.010873480942907016,
        "price_to_ema50": -0.011112464928288891,
        "ema_diff": -0.0002416111395028545,
        "bb_position": 0.31301355033307326,
        "volume_change": -0.7990084416454509
      },
      "signal": 1,
      "confidence": 0.65,
      "market_state": {
        "trend": "downtrend",
        "volatility": "high",
        "strength": "strong",
        "rsi": 43.71006421985256,
        "adx": 31.499930489240736,
        "atr": 68.78144072607034
      },
      "strategy": "price_action",
      "status": "closed",
      "trailing_params": {
        "enabled": true,
        "activation_pips": 30,
        "distance_pips": 20,
        "mode": "manual"
      },
      "breakeven_params": {
        "enabled": true,
        "activation_pips": 40,
        "safety_pips": 5,
        "mode": "manual"
      },
      "lot_params": {
        "lot_size": 0.02,
        "sl_pips": 30,
        "tp_pips": 80
      },
      "htf_bias": {
        "status": "approved",